12345,Mitchell,Gouzenko,21,MGouzenko,QC5hxVl6OW,2013416496
12346,Adam,Chelminski,21,AChelminski,GhpEEu95fh,2104029984
12347,Eduard,Sargsyan,39,ESargsyan,5VmstDUUyd,9177270543
12348,Tania,Gouzenko,41,TGouzenko,gzpfKHYt5r,2013888086
12349,Sasha,Gouzenko,43,SGouzenko,Sj3NZsUsCS,2013888085
12350,Mark,Epchteine,21,MEpchteine,ysG8qhLouX,2019953978
12351,Bob,Builder,45,BBuilder,kFgBByqFHN,2013957898
12352,Stan,Smith,51,SSmith,rBzkiGjL6i,2123587891
12353,Nathan,Zlochevsky,20,NZlochevsky,qSX1Gv0ar6,9084779465
12354,Semyon,Zlochevsky,59,SZlochevsky,ToFezQ6kY0,9084479847
12304,Horace,Ortega,45,HOrtega,hlBOOtOyGe,2014929485
30948,Kristy,Adkins,40,KAdkins,HsYPQsIJTi,2015839594
86030,Annette,Moss,21,AMoss,l6yBexNdLD,2019485830
9380,Sarah,Mullins,71,SMullins,rMSGpeXtpV,2093949203
23421,Salvador,Osborne,14,SOsborne,jmATEW865S,2014930395
32423,Olive,Aguilar,12,OAguilar,s6F3bG3zPe,3414300039
43543,Marjorie,Curtis,61,MCurtis,vG27p13ivY,2030002949
45435,Danny,Lucas,6,DLucas,mxTVlqekcG,9183029303
46234,Francisco,Mcguire,16,FMcguire,Y4AajV6xUK,2122029293
73456,Bradley,Leonard,29,BLeonard,xxRXryoitt,3040404000
40587,Dana,Harper,23,DHarper,kkgu8jXpXk,4930493940
45084,Minnie,Bishop,13,MBishop,pKQarYdeU0,9184938493
40493,Ora,Harris,36,OHarris,bB4MXXygqB,3930302039
95840,Spencer,Santos,40,SSantos,xtuL5xJ7jb,93920392839
48930,Lola,Sherman,40,LSherman,j4bm4lb27b,1303029312
49582,James,Campbell,32,JCampbell,pIePzVmHne,119483939
49583,Kerry,Hayes,21,KHayes,OfjAT0i1M4,9503949494
43948,Margarita,Mcgee,19,MMcgee,XRoxGVLuxg,2304949494
34255,Jodi,Tucker,35,JTucker,Vh7tIBhdMt,3924939403
85356,Clarence,Payne,41,CPayne,mgf0FiTiql,39204930203
49854,Jordan,Cortez,55,JCortez,vQFM2WPsbY,30294059304
45840,Benny,Castillo,52,BCastillo,7uOakuNbJK,4049302849
40582,Myron,Maldonado,21,MMaldonado,6Dl2P455jE,3039204953
43058,Rosa,Bowen,39,RBowen,jyatoTHrdV,20483049204
34589,Jake,Powers,58,JPowers,zV7wShtCKh,40395038495
